source,method,k,n_dims,z_pearson_max,z_pearson_mean,z_pearson_n_above,z_pearson_null,z_spearman_max,z_spearman_mean,z_spearman_n_above,z_spearman_null,logM*_raw_max,logM*_partial_max,logSFR_raw_max,logSFR_partial_max,A_v_raw_max,A_v_partial_max,z_r2_linreg,z_r2_mlp,logM*_r2_mlp,logSFR_r2_mlp,A_v_r2_mlp
Raw,none,0,10,0.48888995661995327,0.2311049429994533,7,0.004816998156455678,0.5288032032331316,0.2646980249206843,7,0.004816998156455678,0.7262658271737704,0.6751336776040923,0.6368934143009375,0.6327026410082778,0.544007788101332,0.5488681025614021,0.40372448018609974,0.554594042999188,0.8088176486694214,0.6588990459886613,0.5729344060959877
FastICA,residB,0,10,0.010048459865456577,0.004206336862257083,0,0.004816998156455678,0.21173998193723617,0.03548570911732226,1,0.004816998156455678,0.35677193020167175,0.5295243082986674,0.6596413413483847,0.6712910181663433,0.4566484327379154,0.4562093224756022,-8.057595666022266e-06,0.6065248780326653,0.728253652596417,0.6660911807746456,0.5673014146873152
iVAE,residB,0,10,0.03541554093584518,0.01410119232497425,0,0.004816998156455678,0.08204637109649457,0.02529091288308536,0,0.004816998156455678,0.4061247804874456,0.6451115385516629,0.5743581539927587,0.5810302767513927,0.5811926249476472,0.5817576003926395,0.002714402100968516,0.4336734698037711,0.6176500650550667,0.6530481936975898,0.5593902614276198
FastICA,residA,1,9,0.3606997113154949,0.13048484870897362,4,0.004816998156455678,0.38539839399561787,0.13151951330109965,5,0.004816998156455678,0.3337511754011157,0.264760328745032,0.36231614913090376,0.34033460132779136,0.29840044024808837,0.2984834595721313,0.27322836581465537,0.5017260360312741,0.7083563868735496,0.49856888197380467,0.5125394795138865
FastICA,residA,2,8,0.2888265796587492,0.10170799088315845,3,0.004816998156455678,0.34402793614369526,0.09978465321428487,4,0.004816998156455678,0.3337511754011157,0.264760328745032,0.36231614913090376,0.34033460132779136,0.29840044024808837,0.2984834595721313,0.1422791329901275,0.3889559191163252,0.6515832450863701,0.4348081834838573,0.48775106388054357
FastICA,residA,3,7,0.16358448227514286,0.0749767639152169,2,0.004816998156455678,0.14734016893284804,0.06489275565294052,3,0.004816998156455678,0.19832680602470967,0.264760328745032,0.15770999935192373,0.15756545366676178,0.29840044024808837,0.2984834595721313,0.05748950685008114,0.21909954706886414,0.483668285178145,0.2750185100991309,0.34784288406839914
FastICA,residA,4,6,0.11475780366699453,0.06020881085522926,1,0.004816998156455678,0.1282937968675443,0.05115152010628926,2,0.004816998156455678,0.1630655480087862,0.264760328745032,0.15770999935192373,0.15756545366676178,0.29840044024808837,0.2984834595721313,0.03147777682196051,0.1631880897511182,0.38276136694755314,0.21801153783709593,0.30598371463380747
FastICA,residA,6,4,0.0844778084718174,0.03734619317058549,0,0.004816998156455678,0.048405218495978855,0.01936830416189271,0,0.004816998156455678,0.1630655480087862,0.264760328745032,0.15770999935192373,0.15756545366676178,0.29840044024808837,0.2984834595721313,0.009127190803767116,0.0956735614031341,0.28685431545270723,0.1655380809953193,0.2577871515464242
FastICA,residA,7,3,0.044684861525331125,0.021635654736841512,0,0.004816998156455678,0.048405218495978855,0.020050948047151296,0,0.004816998156455678,0.1630655480087862,0.264760328745032,0.15770999935192373,0.15756545366676178,0.29840044024808837,0.2984834595721313,0.0020271341519476627,0.02909737687470748,0.14629498527929552,0.10552063550249924,0.211773723102488
FastICA,residA,8,2,0.011301139079504164,0.01011105134259671,0,0.004816998156455678,0.011653439699710425,0.005873812822737518,0,0.004816998156455678,0.1630655480087862,0.264760328745032,0.15770999935192373,0.15756545366676178,0.29840044024808837,0.2984834595721313,4.091896691282848e-05,0.009042438118942009,0.13952815097429405,0.0935303975848516,0.21137223636828284
FastICA,residA,9,1,0.008920963605689258,0.008920963605689258,0,0.004816998156455678,9.418594576461001e-05,9.418594576461001e-05,0,0.004816998156455678,0.1630655480087862,0.2647603287450348,0.009540228024888521,0.009637635118196097,0.29840044024808837,0.2984834595721337,-3.0002025867448268e-05,0.03020317469759559,0.11572059913559807,0.04483319699739119,0.19500261537981656
iVAE,residA,1,9,0.454775417654939,0.19711164941700843,5,0.004816998156455678,0.45117410690792464,0.20125693678626166,6,0.004816998156455678,0.7157075437576492,0.6555557364379854,0.5253557408919554,0.5834750985119743,0.5868710393620672,0.5866276934090422,0.38750202912508247,0.5041541697325557,0.7743720634410157,0.6034825978318124,0.5670950717829613
iVAE,residA,2,8,0.3934492984453668,0.1649036783872671,4,0.004816998156455678,0.423054771477613,0.1700172905210538,5,0.004816998156455678,0.38788940602142913,0.10697616721356035,0.5253557408919554,0.5335993553108797,0.5868710393620672,0.5866276934090422,0.2750562450162328,0.375359166951275,0.4011712017158995,0.4217458826744368,0.5177953767518535
iVAE,residA,3,7,0.3350227535173489,0.13225430409325287,3,0.004816998156455678,0.3399448368279766,0.13386907895583106,4,0.004816998156455678,0.20595719432925658,0.10697616721356035,0.5253557408919554,0.5335993553108797,0.5868710393620672,0.5866276934090422,0.16191781392160087,0.2360165750140214,0.30403047062806177,0.4074806365808177,0.500877392968254
iVAE,residA,4,6,0.1885499811441021,0.0984595625225702,2,0.004816998156455678,0.21842318106089403,0.09952311931047347,3,0.004816998156455678,0.150725965255653,0.07495517421954742,0.5253557408919554,0.5335993553108797,0.5868710393620672,0.5866276934090422,0.06528385232729517,0.15465056249978137,0.26414692768518844,0.3950297346112356,0.4875365437311545
iVAE,residA,6,4,0.09575579080266085,0.06773508260252992,0,0.004816998156455678,0.10369416079988332,0.060339466719809914,1,0.004816998156455678,0.10249226807791957,0.07495517421954742,0.5253557408919554,0.5335993553108797,0.5868710393620672,0.5866276934090422,0.01832768717645694,0.026864121381410033,0.13479241320689983,0.33526112231340766,0.4513153947598907
iVAE,residA,7,3,0.07710431883677221,0.05839484653581961,0,0.004816998156455678,0.07319758803292364,0.04588790202645212,0,0.004816998156455678,0.10249226807791957,0.07495517421954742,0.5253557408919554,0.5335993553108797,0.5868710393620672,0.5866276934090422,0.010374673649126587,-0.0007304600166857522,0.10393437194255561,0.33171672318788625,0.45101578664717745
iVAE,residA,8,2,0.05130389615764111,0.04904011038534331,0,0.004816998156455678,0.03902458286581901,0.03223305902321635,0,0.004816998156455678,0.07686173799196398,0.07495517421954742,0.5253557408919554,0.5335993553108797,0.5868710393620672,0.5866276934090422,0.004470004159525809,-0.019679711236460617,0.08066657156335344,0.32256860160482437,0.4435964878508105
iVAE,residA,9,1,0.046776324613045504,0.046776324613045504,0,0.004816998156455678,0.025441535180613685,0.025441535180613685,0,0.004816998156455678,0.023873797115409642,0.07137064107431583,0.5253557408919554,0.5335993553108815,0.5868710393620672,0.5866276934090456,0.002093508497100105,0.007401041599681912,0.012454494004090488,0.2725172197331057,0.42747116910244676
Resid-linear,direct,0,10,0.010805617202158663,0.004976398477330867,0,0.004816998156455678,0.123229179945439,0.0358503415284978,1,0.004816998156455678,0.3849846138387467,0.635414956960401,0.6380493639766056,0.6320708352145756,0.5415711341280608,0.5487687651272942,-8.05759566624431e-06,0.6073088303663717,0.7302602172309391,0.66316198091371,0.5657688179718445
Resid-mlp,direct,0,10,0.02350939791950566,0.009825438749362224,0,0.004816998156455678,0.0732960229033245,0.02642059682519347,0,0.004816998156455678,0.3936311625431472,0.6640876930011801,0.6108434115309334,0.60811442961793,0.5412154355478538,0.5411568140580194,0.0007657619610196287,0.6015627073043247,0.6934802964985586,0.6626587862468085,0.5713789983820652
Resid-rf,direct,0,10,0.005273975666829685,0.0023452580866292036,0,0.004816998156455678,0.0271932774227399,0.009717936952140155,0,0.004816998156455678,0.3287240573012419,0.5424765171836976,0.48476252489841865,0.48561780917935526,0.43233447730612656,0.4323844609221238,-0.0002739054286884368,-0.40518928753905326,-0.2136553249970865,0.022426368897093818,-0.04029132548840564
Flower-cond,embedding,0,10,0.06198320105911585,0.03227069834724386,0,0.004816998156455678,0.04182164984517874,0.024064502701789923,0,0.004816998156455678,0.2880845866985563,0.4347501426046807,0.43689932077352434,0.43688333910742766,0.43374970548050773,0.4347877656429449,0.010747411721240385,0.028307263608084332,0.2503719034956461,0.577363310089314,0.5118711766229898
Flower-uncond,embedding,0,10,0.367338280843988,0.1528086176952908,6,0.004816998156455678,0.37812625008928064,0.16169018343948144,6,0.004816998156455678,0.506696229739592,0.39477920866310906,0.46874725358931774,0.47077371956275416,0.4470619017496297,0.44762800040018846,0.40398673821494413,0.5340816989522107,0.7968816924852797,0.6483933327787353,0.5668883450854727
