source,method,k,n_dims,digit_eta_max,digit_eta_mean,digit_eta_n_above,digit_eta_null,b_raw_max,b_partial_max,rot_circular_max,rot_naive_max,digit_acc_logreg,digit_acc_mlp,b_r2_linreg,b_r2_mlp,rot_r2_linreg,rot_r2_mlp
Raw,none,0,64,0.6863708263143501,0.47976580174483,64,0.030001500112509374,0.5735090467491342,0.6574833051287581,0.7067502141122675,0.6478237879581248,0.9467,0.9785,0.9593389122221618,0.9904285703918139,0.6604422629964865,0.9241177742912008
Flower-cond,embedding,0,64,0.4291998405628367,0.24976469459726153,63,0.030001500112509374,0.3914920698243165,0.4098498259949717,0.5040716571848715,0.4814137343810258,0.7484,0.7922,0.92249960487204,0.9597311257540635,0.49480123080783345,0.6108836064375773
Flower-uncond,embedding,0,64,0.5087550202961061,0.2917006434945129,63,0.030001500112509374,0.39517778208607657,0.4123621079698988,0.5065033078283262,0.48418316299018926,0.8028,0.923,0.8964239097500364,0.9699195471718022,0.5302721983759389,0.791032131439168
FastICA,residB,0,64,0.08032876024517326,0.03955422305359187,0,0.030001500112509374,0.9709908400242993,0.9710776383411338,0.49833367324070543,0.33455949553760234,0.1135,0.8584,0.9603038598137159,0.9839593208690345,0.5903314936303068,0.6988502397613181
FastICA,residA,1,63,0.7199746736121567,0.16260389741546774,20,0.030001500112509374,0.969101788503369,0.9709554448147444,0.47434381675412196,0.32188385482076987,0.9161,0.9538,0.9548482180396549,0.9828796963803619,0.6388516116187094,0.8411086136228861
FastICA,residA,7,57,0.5158394124048327,0.11591633319554379,14,0.030001500112509374,0.969101788503369,0.9709554448147444,0.47434381675412196,0.3202767811346111,0.5797,0.815,0.947744227498568,0.9745488101532191,0.3910440268536095,0.40800742518386746
FastICA,residA,13,51,0.3579377592059116,0.07693784934646007,8,0.030001500112509374,0.969101788503369,0.9709554448147444,0.47434381675412196,0.26140502204440286,0.307,0.4839,0.9403320032088506,0.9637245081619117,0.23252397453708706,0.09339585840467923
FastICA,residA,20,44,0.17266471529340555,0.04652407766214035,1,0.030001500112509374,0.969101788503369,0.9709554448147444,0.2035432524640654,0.1065276747099159,0.157,0.1835,0.9314564958830135,0.9486262380093676,0.01148915009343987,-0.16427564457297694
FastICA,residA,26,38,0.0636650983945798,0.041275149276658964,0,0.030001500112509374,0.035100644967848864,0.03505157916966039,0.03543641506808536,0.033473582615037085,0.1276,0.1417,0.0024791290802563815,0.02434586653599924,0.002074997339477913,-0.16619535644567307
FastICA,residA,32,32,0.05656308807950267,0.039744621964565345,0,0.030001500112509374,0.035100644967848864,0.03505157916966039,0.03543641506808536,0.033473582615037085,0.1242,0.1291,0.0023969103745186127,0.007493882201924373,0.0013749037443694379,-0.13746518538573937
FastICA,residA,38,26,0.05656308807950267,0.039255801560881626,0,0.030001500112509374,0.025694940125488994,0.02637092031316722,0.03543641506808536,0.033473582615037085,0.1193,0.1285,0.0007663333216686441,0.025203279218428465,0.0009904623190784,-0.105365244956664
FastICA,residA,44,20,0.053552266337050965,0.038350403571775285,0,0.030001500112509374,0.025694940125488994,0.02637092031316722,0.03543641506808536,0.033473582615037085,0.1191,0.1229,0.0007194551336047184,0.028534762498621413,0.001071271172631283,-0.10949813772999994
FastICA,residA,51,13,0.04605337643688118,0.03759935621080922,0,0.030001500112509374,0.014327622269577104,0.014695962270695147,0.03543641506808536,0.033473582615037085,0.1121,0.1163,0.00021700285389525398,0.042309310441691395,0.0002914622545023837,-0.05457137230991016
FastICA,residA,57,7,0.040693725841563305,0.035911863382211785,0,0.030001500112509374,0.014327622269577104,0.014352706246659287,0.03543641506808536,0.033473582615037085,0.1121,0.1116,3.285755535298307e-05,0.03346578698397851,-0.0004654720498349363,-0.016785432433109815
FastICA,residA,63,1,0.02937066362886094,0.02937066362886094,0,0.030001500112509374,0.014327622269577104,0.014352706246659318,0.03192441778860606,0.011365344995721642,0.1135,0.1136,6.56510312535552e-05,-0.00012052529683992397,-0.0010977346506477748,-0.00021709322198693037
iVAE-cond,residB,0,64,0.8357609217138872,0.42608396624917844,40,0.030001500112509374,0.5098450559866868,0.5100143501247059,0.5536356234358338,0.5155875431645157,0.5224,0.9991,0.960835908702242,0.9895886681234006,0.5947456342048598,0.9042554399434815
iVAE-cond,residA,1,63,0.9880601253076093,0.7080962605659464,63,0.030001500112509374,0.45851594682016383,0.5021739403789676,0.528306597707976,0.4816102054284365,0.9584,0.9944,0.9606391203923249,0.9913341084338225,0.6586290407335456,0.9190392945011855
iVAE-cond,residA,7,57,0.9556088913604736,0.679637069085399,57,0.030001500112509374,0.45851594682016383,0.5021739403789676,0.528306597707976,0.4816102054284365,0.9502,0.9931,0.9606492990177452,0.9914098230251774,0.6585347164364591,0.9098632038179163
iVAE-cond,residA,13,51,0.9313562280295482,0.6484191150512919,51,0.030001500112509374,0.45851594682016383,0.5021739403789676,0.528306597707976,0.4816102054284365,0.9489,0.9921,0.9606378673165832,0.9898927082117914,0.6585533478962999,0.9140781799752437
iVAE-cond,residA,20,44,0.839098947800556,0.6066444375617017,44,0.030001500112509374,0.45851594682016383,0.5021739403789676,0.528306597707976,0.4816102054284365,0.9478,0.9922,0.9605702384170858,0.9912374681054369,0.6584826039624195,0.9223505653568665
iVAE-cond,residA,26,38,0.8036590423635529,0.5739237603083763,38,0.030001500112509374,0.45851594682016383,0.5021739403789676,0.528306597707976,0.4816102054284365,0.9155,0.9875,0.9600248008685379,0.991762378263851,0.6510358988372427,0.9209932507206411
iVAE-cond,residA,32,32,0.7611486702978374,0.5337256448307771,32,0.030001500112509374,0.45851594682016383,0.5021739403789676,0.528306597707976,0.4816102054284365,0.9157,0.9834,0.960024754219484,0.9894890847668103,0.6510359026197117,0.9265129287506882
iVAE-cond,residA,38,26,0.7056525393620927,0.486615567002116,26,0.030001500112509374,0.45851594682016383,0.5021739403789676,0.528306597707976,0.4816102054284365,0.8611,0.9668,0.9594410815017764,0.989306478023718,0.6252724238365157,0.876149325974605
iVAE-cond,residA,44,20,0.6371497389812275,0.43077076316762863,20,0.030001500112509374,0.45851594682016383,0.5021739403789676,0.528306597707976,0.4816102054284365,0.7155,0.9339,0.9243855637244851,0.9715340193037139,0.5870336709862058,0.8274992544091637
iVAE-cond,residA,51,13,0.4965527054233561,0.3502421201459838,13,0.030001500112509374,0.45851594682016383,0.5021739403789676,0.528306597707976,0.4816102054284365,0.5322,0.7632,0.8479545591312829,0.916343525751013,0.5404498191624427,0.7059291978424214
iVAE-cond,residA,57,7,0.36358274207890035,0.275994176488823,7,0.030001500112509374,0.45851594682016383,0.46631791763187885,0.528306597707976,0.4816102054284365,0.2876,0.4164,0.5205913376712725,0.5877157032992839,0.34753068423314093,0.41330842101332543
iVAE-cond,residA,63,1,0.20108607628525868,0.20108607628525868,1,0.030001500112509374,0.45851594682016383,0.46631791763187924,0.18730997372691768,0.17487543514632822,0.1569,0.1638,0.19693413147341654,0.21545347689720507,0.02746408936937239,0.028296336887643103
iVAE-fair,residB,0,64,0.9182956205091779,0.47399618809759547,50,0.030001500112509374,0.4041516060492157,0.4064012965005398,0.5046760030711921,0.48210468976338583,1.0,1.0,0.5168706267424926,0.7047685242444035,0.490934987604283,0.721588052491944
iVAE-fair,residA,1,63,0.5829757042347935,0.49828034999728044,63,0.030001500112509374,0.32097347976143814,0.4010875660588621,0.5567173023276224,0.5409021447138895,0.8471,0.8813,0.48905955633036957,0.6954948320938766,0.5039507853908476,0.6922627293360384
iVAE-fair,residA,7,57,0.5366455002224634,0.4918016597267852,57,0.030001500112509374,0.28625964329032544,0.33149220597532625,0.5567173023276224,0.5409021447138895,0.8464,0.8811,0.49636118685585473,0.6639850014182707,0.5049731472299042,0.7217800117077007
iVAE-fair,residA,13,51,0.5139181131720769,0.4875161540914778,51,0.030001500112509374,0.28625964329032544,0.33149220597532625,0.5567173023276224,0.5409021447138895,0.8416,0.8686,0.44003759082491,0.16528709193277236,0.4854144151846168,0.7096199482934533
iVAE-fair,residA,20,44,0.5039205640634551,0.48406123597216305,44,0.030001500112509374,0.28625964329032544,0.33047487729013614,0.5567173023276224,0.5409021447138895,0.83,0.8791,0.4590424911568969,0.5703772957884856,0.48256946335454476,0.6914863215059341
iVAE-fair,residA,26,38,0.5028418185711652,0.4814626714050122,38,0.030001500112509374,0.28625964329032544,0.33047487729013614,0.5567173023276224,0.5409021447138895,0.8206,0.8711,0.425290421616522,0.6300062105909063,0.49420031191294433,0.7004988883537429
iVAE-fair,residA,32,32,0.5028418185711652,0.47843323175447006,32,0.030001500112509374,0.28625964329032544,0.33047487729013614,0.5567173023276224,0.5409021447138895,0.8109,0.8706,0.4200341783584488,0.6459872170813075,0.4336645905212613,0.692345667261056
iVAE-fair,residA,38,26,0.5028418185711652,0.47449927360393807,26,0.030001500112509374,0.28625964329032544,0.33047487729013614,0.5567173023276224,0.5409021447138895,0.7944,0.8669,0.4135253791764578,0.628403260403875,0.43116819471372525,0.6824630361389428
iVAE-fair,residA,44,20,0.5028418185711652,0.4693453172850818,20,0.030001500112509374,0.28625964329032544,0.33047487729013614,0.5567173023276224,0.5409021447138895,0.7558,0.843,0.41409709441344467,0.558923696973097,0.4198792940696998,0.6420419209561561
iVAE-fair,residA,51,13,0.49755793595955006,0.46133205123774157,13,0.030001500112509374,0.28625964329032544,0.32680288100063387,0.5567173023276224,0.5409021447138895,0.7038,0.7892,0.29403613744585655,0.32564914403075096,0.39319821214920436,0.5710313119264568
iVAE-fair,residA,57,7,0.4867529150439824,0.44462831565422845,7,0.030001500112509374,0.28625964329032544,0.32680288100063387,0.5567173023276224,0.5409021447138895,0.5887,0.6624,0.13569042861725544,0.16929041277565138,0.3288702459486009,0.4458091568666628
iVAE-fair,residA,63,1,0.3826083289467404,0.3826083289467404,1,0.030001500112509374,0.260708603157343,0.28268075922494873,0.5567173023276214,0.5409021447138895,0.1507,0.2046,0.0633751894707053,0.06783380701078756,0.24212330344034982,0.248800874854887
